{"version": "1", "message": "ERROR: Hidden Testcases server unreachable.", "problem_id": "ads2_m14_a1_1", "user_id": "madhavimvh", "score": {"sample": {"0": {"execution_time": 0.38197827339172363, "passed": true}, "1": {"execution_time": 0.3620951175689697, "passed": true}, "2": {"execution_time": 0.4936795234680176, "passed": true}, "3": {"execution_time": 0.3764379024505615, "passed": true}, "4": {"execution_time": 0.38658714294433594, "passed": true}, "5": {"execution_time": 0.3733706474304199, "passed": true}}}, "check_style_score": "1/1"}